BU,AWU
https://example.com/, https://example-authority.url/
https://sell.amazon.in/grow-your-business/amazon-global-selling/,https://www.tycoonstory.com/market/know-the-high-return-yielding-export-products/
https://sell.amazon.in/grow-your-business/amazon-global-selling/,https://www.gudstory.com/take-a-leap-export-to-usa-from-india/
https://sell.amazon.in/grow-your-business/amazon-global-selling/,https://www.startupguys.net/help-you-prosper-in-international-trade/
https://sell.amazon.in/grow-your-business/amazon-global-selling/,https://entrepreneursbreak.com/to-automate-is-human-to-export-divine.html
https://sell.amazon.in/grow-your-business/amazon-global-selling/,https://business-review.eu/international/finding-answers-to-why-you-should-sell-internationally-221885
https://sell.amazon.in/grow-your-business/amazon-global-selling/,https://www.businessmodulehub.com/blog/compete-internationally-and-get-higher-selling-advantage/
https://sell.amazon.in/grow-your-business/amazon-global-selling/,https://www.mybloggerclub.com/start-exporting-your-products-now-to-double-your-profits/
https://www.weinhandl.com/,https://www.makerist.com/users/why_do_you_need_management_consultancy_vienna_services
https://www.weinhandl.com/,https://sites.udel.edu/ruthd/2021/02/23/find-out-why-tax-consultancy-is-your-best-friend/
https://www.weinhandl.com/,https://marketbusinessnews.com/handling-the-taxes-made-easy-with-the-specialists-around/260558/
https://www.weinhandl.com/,https://ipsnews.net/business/2021/03/19/what-kind-of-services-does-buchhalter-wien-offer-to-your-business/
https://www.weinhandl.com/,https://www.deutsche-staedte.de/so-stellen-sie-die-steuerberatungsdienste-fuer-unternehmen-ein.php
https://www.weinhandl.com/,https://reisebuch.de/travel_news/aktuell/fuenf_arten_grundlegender_unternehmensberatungsdienste.html
https://www.weinhandl.com/,https://dripivplus.com/how-keeping-accounting-up-to-date-helps-companies-to-grow-today-and-in-the-future/
https://www.weinhandl.com/,https://cityonfire.com/trying-to-find-out-why-you-need-to-hire-a-tax-consultancy-here-is-why/
https://www.weinhandl.com/,https://thenewsgod.com/6-tips-to-cut-your-payroll-expenses/
https://www.weinhandl.com/,https://isaiminis.com/things-a-company-should-consider-before-finalizing-the-payroll-of-its-employees.html
https://perfios.com/,https://meaninginhindiof.com/what-is-peer-to-peer-lending-everything-you-need-to-know/
https://perfios.com/,https://publishthispost.com/how-will-be-analytics-useful-to-your-business/
https://perfios.com/,https://www.readerscook.site/2021/03/the-changing-landscape-of-fintech-and.html
https://perfios.com/,https://whatismeaningof.com/make-your-focus-clear-with-business-financial-management/
https://perfios.com/,https://whatisfullformof.com/p2p-lending-software-platform-new-solution-to-facilitate-lending/
https://perfios.com/,https://www.weblyen.com/how-modern-data-tools-can-make-your-life-easy/
https://perfios.com/,https://www.jobengg.in/well-managed-income-for-a-well-managed-future/
https://perfios.com/,https://ipsnews.net/business/2021/03/19/golden-tips-why-you-need-to-have-efficient-economic-plans/
https://perfios.com/,https://daayri.com/business/finance/smart-investment-choices-reasons-and-benefits/
https://perfios.com/,https://beyondvela.com/why-the-creditors-are-interested-in-the-financial-health-of-the-company/
https://microbe-investigations.com/,https://ipsnews.net/business/2021/03/19/ever-evolving-science-of-microbiology/
https://microbe-investigations.com/,https://www.contattolab.it/can-fabrics-undergoing-iso-20743-test-method-protect-you-from-pathogens/
https://microbe-investigations.com/,https://totalheadline.com/importance-of-diagnostic-tests-for-detecting-infectious-diseases-like-covid-19/
https://microbe-investigations.com/,https://littlelioness.net/2021/05/17/antibacterial-determination-of-antibacterial-activity-in-finished-fabrics-product/
https://microbe-investigations.com/,https://adclays.com/covid-19-and-the-importance-of-getting-tested-on-time/
https://microbe-investigations.com/,https://amirarticles.com/iso-22196-tests/
https://microbe-investigations.com/,https://cityonfire.com/microbiology-testing-laboratory-testing-your-products-for-safety/
https://microbe-investigations.com/,https://localnews8.com/author/astm-e2149-test-method-determining-antimicrobial-a/
https://microbe-investigations.com/,https://trans4mind.com/counterpoint/index-health-fitness/anti-bacteriology-medical-innovation.html
https://khetibuddy.com/farm-management-system/,https://consciouslifenews.com/aiding-the-farmlands-with-the-means-of-technology/11202969/
https://khetibuddy.com/,https://realitypaper.com/transforming-farming-with-a-smart-agriculture-platform.html
https://khetibuddy.com/farming-mobile-app/,https://www.techinexpert.com/why-should-farmers-use-mobile-apps-for-farming/
https://khetibuddy.com/gardening-service-in-pune/,https://chiquehomeliving.com/get-back-to-your-soothing-corner-well-maintained-garden-spaces-in-the-home/
https://www.podium.school/classes/acting-and-drama/self-learning-drama-1,https://www.namasteui.com/tips-to-help-teachers-in-online-set-up/
https://www.podium.school/classes/,https://newsdio.com/let-your-kids-be-word-wizards-with-creative-writing-classes/158967/
https://www.novoshoes.co.nz/,https://www.girliciousbeauty.com/shoes-pride-of-a-person/
https://www.novoshoes.co.nz/browse/tote-bags.html,https://stylevanity.com/2020/08/when-style-unites-with-history-tote-bags.html
https://www.novoshoes.co.nz/browse/handbags.html,https://www.theedgesearch.com/2020/08/handbags-nz-to-redefine-your-style.html
https://vertoe.com/,https://www.thesouthafrican.com/travel/travel-international/travel-can-be-easy-as-breathing-this-guide-will-tell-you-how
https://vertoe.com/,https://thewashingtonnote.com/trip-to-la-alone/
https://vertoe.com/,https://wikipout.com/beautiful-places-near-the-gare-du-nord-station-in-paris-you-can-visit/
https://vertoe.com/,https://criticsrant.com/use-san-francisco-luggage-storage-while-travelling-its-better/
https://vertoe.com/,https://incrediblethings.com/travel/luggage-storage-spaces-allies-to-travellers/
https://vertoe.com/,https://whatismeaningof.com/7-cool-things-to-do-in-us-this-summer/
https://vertoe.com/,https://bobscentral.com/ease-your-travel-plans-with-the-best-luggage-storage-facilities/
https://vertoe.com/,https://www.imcgrupo.com/how-to-resolve-your-luggage-storage-problem-when-traveling-to-new-york-city/
https://vertoe.com/,https://shiftedmag.com/make-the-best-use-of-storage-services/
https://vertoe.com/,https://www.quorablog.com/luggage-storage-facilities/
https://opositive.io/,https://bloggingheros.com/why-is-ecommerce-seo-crucial-for-your-website/
https://opositive.io/,https://www.mostinside.com/why-is-website-traffic-important-to-increase-your-business-revenue/
https://opositive.io/,https://www.namasteui.com/seo-guide-everything-a-beginner-needs-to-know-in-2021/
https://opositive.io/,https://www.mybloggerclub.com/rank-1-on-the-search-results-with-these-core-web-vitals/
https://livelyt.com/,https://bobscentral.com/role-of-self-storage-unit-for-home-owners-and-business-owners/
https://livelyt.com/,https://www.influencive.com/self-service-storage-how-to-optimally-employ-it/
https://livelyt.com/,https://www.fotolog.com/self-storage-philadelphia/
https://livelyt.com/,https://www.opptrends.com/self-storage-unit-in-houston/
https://livelyt.com/,https://www.imagup.com/self-storage-units-deliver/
https://livelyt.com/,https://scholarlyoa.com/storage-units-in-dc/
https://livelyt.com/,https://www.sippycupmom.com/advantages-of-self-storage-in-nyc-for-small-businesses-what-can-you-expect-from-the-service/
https://livelyt.com/,https://stacyknows.com/self-storage-units-ensuring-safety-of-your-luggage-at-all-cost-in-la/
https://livelyt.com/,https://totalheadline.com/hiring-storage-units-in-nyc/
https://livelyt.com/,https://ipsnews.net/business/2021/06/11/topmost-reasons-you-will-love-to-find-storage-spaces-in-the-u-s-capital-at-least-once/
https://khetibuddy.com/,https://criticsrant.com/use-san-francisco-luggage-storage-while-travelling-its-better/
https://livelyt.com/,https://criticsrant.com/use-san-francisco-luggage-storage-while-travelling-its-better/
https://opositive.io/,https://criticsrant.com/use-san-francisco-luggage-storage-while-travelling-its-better/
https://microbe-investigations.com/,https://criticsrant.com/use-san-francisco-luggage-storage-while-travelling-its
https://perfios.com/,https://criticsrant.com/use-san-francisco-luggage-storage-while-travelling-its-better/
